1,848,512,461,184,787,2018-05-19 18:55:09,76981,5
2,597,694,686,796,49,2017-05-06 01:36:02,8765,5
3,742,194,781,210,604,2017-10-07 04:37:14,85349,5
4,392,78,17,1097,752,2018-03-26 23:16:36,95461,5
5,31,534,629,49,491,2015-11-17 06:40:20,45593,5
6,361,613,743,1094,92,2018-06-25 17:47:49,41841,5
7,552,686,502,585,709,2017-05-29 08:47:27,74417,5
8,719,476,278,924,727,2020-03-02 08:26:35,63048,5
9,950,716,455,1111,888,2020-03-29 07:54:58,76880,5
10,439,127,166,1028,553,2018-06-21 01:26:22,34114,5
11,727,814,881,57,553,2020-01-02 22:36:56,48902,5
12,560,431,994,195,165,2015-01-16 05:42:04,23511,5
13,156,274,142,685,997,2020-12-26 18:50:17,43473,5
14,475,724,560,428,442,2016-09-11 12:25:31,32002,5
15,228,853,562,11,561,2020-01-29 08:37:41,13929,5
16,425,744,592,151,696,2017-01-12 03:39:21,39384,5
17,767,239,533,938,725,2018-07-16 06:46:34,91785,5
18,758,39,100,592,987,2016-03-08 16:19:15,53524,5
19,282,493,409,621,685,2017-12-31 22:20:09,33436,5
20,591,730,981,253,827,2017-02-12 06:01:37,19451,5
21,685,778,743,1081,688,2019-08-13 22:48:55,98220,5
22,546,423,440,744,486,2016-07-15 15:20:34,77650,5
23,502,452,126,397,391,2020-10-24 18:13:28,22191,5
24,283,100,923,557,404,2018-01-24 16:56:03,72819,5
25,636,771,234,556,191,2021-02-13 23:54:34,11719,5
26,918,557,356,252,721,2017-12-14 21:58:25,75018,5
27,92,203,121,563,984,2015-09-27 14:30:41,64441,5
28,480,56,881,834,622,2020-10-01 14:48:45,44510,5
29,352,223,345,608,483,2017-01-14 08:26:10,33174,5
30,497,318,751,1150,773,2018-09-25 10:22:12,35047,5
31,470,782,155,834,884,2019-04-29 18:34:47,56579,5
32,143,341,97,705,478,2019-01-13 23:29:07,44248,5
33,247,157,423,563,145,2019-08-17 06:59:22,59483,5
34,275,229,106,422,787,2018-01-26 06:11:41,5191,5
35,503,242,65,918,390,2018-06-16 21:54:46,85805,5
36,369,876,21,171,401,2021-04-30 14:59:09,81574,5
37,330,772,70,468,108,2016-04-14 01:09:04,58737,5
38,634,697,858,1027,735,2020-12-29 14:49:17,96078,5
39,125,801,514,942,349,2018-08-30 11:41:18,4444,5
40,805,893,1000,17,362,2017-04-17 06:38:07,88545,5
41,381,523,713,936,264,2016-06-17 02:29:17,28117,5
42,495,483,41,1153,807,2017-07-14 13:56:41,3418,5
43,777,859,956,520,953,2016-06-01 20:49:44,56940,5
44,165,349,711,897,579,2016-02-24 23:57:22,24591,5
45,742,1,204,827,408,2020-09-24 12:49:14,47022,5
46,231,14,694,296,220,2020-02-25 14:25:38,81550,5
47,490,606,896,1144,421,2019-04-13 22:10:39,98643,5
48,749,492,380,818,808,2016-05-17 14:44:55,15267,5
49,691,937,37,621,514,2016-09-06 18:31:20,37893,5
50,28,745,601,829,997,2020-10-26 09:06:13,89607,5
51,757,608,904,375,904,2018-10-19 05:30:07,82638,5
52,790,842,9,487,191,2018-06-21 21:46:47,51200,5
53,134,136,5,1032,278,2018-08-22 15:02:47,18324,5
54,654,596,507,1020,368,2015-09-05 22:02:55,16787,5
55,882,458,657,830,660,2019-11-16 07:52:14,69804,5
56,543,4,555,813,214,2021-04-24 00:34:14,18465,5
57,809,391,340,504,241,2017-05-29 10:32:11,82500,5
58,450,570,85,613,690,2018-04-30 08:55:09,652,5
59,131,786,782,449,981,2015-09-04 02:26:14,93016,5
60,144,329,998,718,219,2019-01-24 20:41:30,37400,5
61,830,910,69,49,938,2020-08-11 14:39:06,91254,5
62,372,134,625,917,594,2018-09-04 20:24:39,15002,5
63,958,141,876,1047,75,2020-08-01 13:58:36,37804,5
64,890,108,273,405,59,2019-03-26 00:02:47,60166,5
65,204,426,73,196,396,2016-04-10 08:17:58,97097,5
66,258,802,138,1196,686,2015-02-25 17:19:01,68820,5
67,959,156,21,709,610,2015-08-14 10:32:48,94313,5
68,881,195,307,803,790,2018-10-18 16:34:09,45139,5
69,56,858,679,691,696,2017-02-26 22:02:55,96297,5
70,807,914,883,677,458,2019-06-20 07:37:35,10392,5
71,525,29,243,133,714,2020-01-21 22:29:05,72677,5
72,659,917,709,951,431,2015-06-08 14:07:48,60910,5
73,259,9,159,701,527,2019-05-11 01:58:00,98708,5
74,731,26,425,416,94,2017-05-22 09:35:35,87271,5
75,747,758,741,153,590,2018-01-22 16:57:01,86384,5
76,455,399,927,19,352,2018-02-25 22:44:13,4906,5
77,682,507,596,559,918,2021-07-22 10:28:36,99055,5
78,809,58,472,1207,235,2020-06-10 01:07:12,1510,5
79,403,110,201,369,969,2020-03-16 22:42:13,66406,5
80,652,597,188,686,343,2015-01-31 16:19:00,76692,5
81,350,865,502,748,124,2019-08-31 07:10:03,77361,5
82,605,547,482,914,363,2015-10-06 12:59:18,96662,5
83,20,317,117,1190,217,2020-09-27 21:05:15,27878,5
84,831,577,997,725,291,2021-03-14 17:44:31,59856,5
85,78,161,622,830,250,2019-08-21 22:13:26,95375,5
86,927,101,774,755,934,2015-10-16 17:11:29,44783,5
87,243,853,108,584,176,2018-07-30 08:56:33,78863,5
88,778,887,883,656,362,2017-12-11 22:03:32,85232,5
89,458,128,213,500,432,2018-05-08 01:36:09,28722,5
90,654,89,973,152,796,2017-05-17 00:39:52,63098,5
91,164,959,148,703,945,2017-09-02 07:09:22,67203,5
92,211,755,568,560,660,2019-05-21 17:20:29,82853,5
93,309,5,985,343,247,2015-04-05 07:29:52,79188,5
94,799,848,144,244,411,2017-11-08 15:36:35,13669,5
95,601,600,832,1091,114,2015-03-26 19:18:48,71952,5
96,463,652,408,614,563,2019-02-04 10:46:01,34216,5
97,360,594,379,644,950,2017-01-12 18:10:26,3814,5
98,613,882,32,1165,794,2020-01-16 02:01:44,68759,5
99,181,243,323,119,229,2019-12-30 08:21:06,92022,5
100,212,416,768,1208,380,2018-12-13 04:20:39,92766,5
101,293,719,505,784,756,2019-02-17 12:50:22,29184,5
102,413,881,778,297,770,2020-03-29 01:33:45,13038,5
103,112,100,195,961,220,2020-12-10 22:51:51,27066,5
104,961,167,456,611,783,2017-01-01 21:09:46,15651,5
105,67,216,72,578,187,2019-10-04 21:00:19,18129,5
106,70,369,228,741,95,2019-08-29 04:22:13,78050,5
107,705,547,187,433,254,2019-06-16 23:46:42,31406,5
108,504,392,224,1054,978,2016-05-19 15:31:32,39251,5
109,585,18,673,343,141,2017-02-15 05:57:06,79436,5
110,650,405,369,1034,676,2018-12-24 23:07:15,52621,5
111,128,823,963,372,964,2020-03-06 14:39:31,55577,5
112,124,981,525,950,697,2020-06-28 02:01:38,24238,5
113,902,479,896,441,841,2017-05-30 19:38:42,12761,5
114,312,527,744,520,3,2015-07-17 17:23:14,13922,5
115,484,725,956,674,936,2019-08-27 07:56:59,803,5
116,65,280,979,903,787,2017-10-07 17:17:38,32548,5
117,159,942,811,261,146,2017-01-23 12:15:18,90062,5
118,911,212,287,920,958,2019-02-17 11:12:04,1695,5
119,632,936,519,930,519,2016-11-10 11:58:57,61853,5
120,522,122,249,238,861,2020-01-22 00:50:01,30722,5
121,253,862,528,1016,158,2020-07-26 19:38:57,44112,5
122,245,767,451,22,728,2019-05-13 03:12:03,26334,5
123,427,508,217,100,864,2015-06-09 11:43:42,87429,5
124,332,589,937,1208,863,2021-06-23 07:46:42,85108,5
125,446,144,940,362,718,2018-01-15 03:22:21,36314,5
126,628,121,316,334,282,2021-04-06 17:37:23,67596,5
127,232,330,546,42,430,2016-09-25 21:01:46,65608,5
128,166,135,508,336,475,2020-10-07 05:33:16,4952,5
129,795,54,347,1094,530,2015-07-30 16:12:35,79298,5
130,262,388,224,1112,770,2018-09-29 13:44:23,5133,5
131,138,240,988,1110,816,2017-10-24 01:53:30,70884,5
132,823,833,442,262,521,2019-10-20 09:51:55,23401,5
133,496,571,611,607,216,2016-03-08 10:46:36,20338,5
134,583,298,649,410,174,2016-05-27 00:39:34,38056,5
135,865,421,271,390,806,2016-08-29 13:08:00,69303,5
136,751,214,286,984,366,2019-04-04 16:07:30,45777,5
137,648,704,240,963,695,2018-03-23 19:50:25,1948,5
138,358,519,180,1049,944,2019-10-06 16:30:20,54497,5
139,805,43,859,40,921,2020-07-16 01:18:03,43974,5
140,671,394,116,378,627,2020-06-07 21:05:53,55761,5
141,609,867,994,79,293,2015-08-04 03:30:43,30221,5
142,110,37,49,596,550,2021-05-15 05:21:38,20050,5
143,451,71,711,1034,310,2015-03-23 19:53:54,34946,5
144,405,170,223,827,144,2016-12-22 02:37:38,14334,5
145,805,7,473,214,122,2018-03-16 16:14:55,45566,5
146,789,981,146,449,11,2016-04-16 09:11:12,379,5
147,411,200,82,343,885,2017-09-09 06:57:09,58879,5
148,730,673,722,835,37,2020-05-15 16:21:58,69671,5
149,705,194,836,759,679,2020-02-14 01:35:15,64150,5
150,500,983,363,612,62,2017-10-14 05:44:29,93387,5
151,288,417,596,52,488,2020-07-28 01:47:55,37173,5
152,56,108,723,276,915,2021-02-16 02:09:53,22723,5
153,343,845,113,308,263,2020-02-06 16:10:36,47327,5
154,632,841,424,453,793,2018-04-02 09:27:29,74339,5
155,781,815,346,247,36,2015-01-08 07:30:54,62260,5
156,219,25,795,308,65,2018-04-13 10:13:58,3382,5
157,800,76,855,903,543,2016-05-16 08:45:41,9948,5
158,221,50,580,756,697,2016-08-29 16:44:37,57989,5
159,217,450,36,51,360,2016-12-10 03:45:14,4335,5
160,462,994,663,576,428,2017-06-19 12:10:01,18149,5
161,474,392,556,569,655,2021-05-13 11:33:46,41109,5
162,628,875,497,1105,162,2015-03-01 01:08:03,6666,5
163,345,77,718,552,975,2020-12-09 05:45:12,71888,5
164,547,171,604,924,170,2016-11-21 11:08:07,62259,5
165,35,95,481,18,616,2016-02-29 21:22:15,64798,5
166,652,79,876,308,47,2016-11-06 15:49:24,22203,5
167,702,839,165,132,406,2015-12-21 03:01:20,43291,5
168,279,808,17,330,636,2020-03-25 13:08:00,46028,5
169,116,773,452,736,471,2018-10-01 19:48:22,75881,5
170,567,873,287,141,186,2018-03-17 13:09:02,32167,5
171,468,589,457,783,353,2019-06-02 16:33:43,5342,5
172,890,131,915,311,763,2017-06-08 04:56:26,5242,5
173,143,539,704,649,865,2015-09-03 06:49:55,78638,5
174,794,682,692,193,245,2020-09-05 18:31:54,36290,5
175,891,239,758,181,602,2021-07-29 05:36:57,48409,5
176,264,567,248,428,754,2019-12-06 04:30:50,53991,5
177,772,404,850,979,187,2017-11-25 21:16:21,40757,5
178,236,448,426,1118,774,2018-06-26 23:31:14,79192,5
179,904,809,125,800,19,2016-09-05 15:02:19,48976,5
180,1000,951,990,339,820,2018-10-04 05:17:15,1163,5
181,884,1000,40,981,829,2016-07-22 18:13:34,72591,5
182,693,584,738,189,516,2016-04-10 23:06:55,57870,5
183,987,466,778,643,707,2018-07-27 18:21:28,23846,5
184,206,533,755,341,405,2016-08-25 14:47:55,9450,5
185,284,411,922,117,644,2019-03-29 18:21:00,1325,5
186,827,947,213,32,203,2020-11-28 08:08:16,2633,5
187,982,840,986,71,914,2017-07-23 09:21:44,3107,5
188,616,175,676,684,372,2020-05-22 10:24:59,21709,5
189,318,680,785,1066,102,2019-08-16 05:51:08,5274,5
190,269,34,41,882,457,2018-05-23 18:23:25,21966,5
191,788,150,370,113,119,2019-09-03 03:21:43,818,5
192,906,89,456,826,474,2020-03-09 14:48:37,86852,5
193,855,386,288,169,915,2021-03-12 10:54:23,63844,5
194,252,966,327,7,98,2019-03-03 19:08:43,22224,5
195,900,884,257,977,418,2016-11-02 23:09:10,14221,5
196,395,981,687,142,172,2015-11-14 18:15:32,74285,5
197,703,797,651,1189,215,2016-08-21 11:12:15,12560,5
198,114,738,32,1044,108,2018-06-11 13:44:00,72328,5
199,280,127,624,329,567,2020-12-24 00:04:08,36032,5
200,582,663,122,916,838,2017-01-31 18:32:41,93914,5
201,742,993,828,1148,507,2017-03-17 16:57:09,42701,5
202,770,306,44,1114,502,2019-01-23 05:16:29,50587,5
203,699,94,818,124,117,2016-01-18 09:08:46,29030,5
204,309,88,274,406,400,2017-09-23 04:49:45,44550,5
205,151,456,693,76,473,2016-09-11 21:12:02,36505,5
206,952,300,105,1063,633,2017-07-17 15:03:49,85942,5
207,785,713,166,49,447,2021-07-04 10:20:13,62221,5
208,560,153,177,1095,817,2017-08-08 12:51:08,67362,5
209,703,953,709,764,410,2018-09-27 17:32:06,27873,5
210,678,710,54,681,524,2019-08-03 04:07:28,6748,5
211,555,117,32,685,378,2020-07-21 21:01:13,84774,5
212,432,445,151,502,52,2015-06-23 03:35:00,27702,5
213,834,350,668,554,532,2019-07-01 00:56:54,55326,5
214,617,237,695,774,413,2016-03-10 18:58:01,12800,5
215,365,994,275,809,496,2018-06-06 07:02:02,66002,5
216,275,867,712,1156,977,2019-01-29 13:11:09,32188,5
217,265,36,397,898,92,2018-04-15 23:03:23,6072,5
218,220,669,545,708,607,2018-11-12 05:10:45,21514,5
219,916,177,697,426,279,2020-12-27 01:42:20,35300,5
220,955,977,502,1021,433,2015-04-24 18:24:25,51256,5
221,341,736,881,237,207,2018-11-18 16:06:19,85122,5
222,337,518,346,66,874,2021-09-07 20:14:10,5765,5
223,652,786,204,1117,720,2016-04-01 20:33:21,4402,5
224,628,757,210,431,896,2018-02-05 18:03:21,66843,5
225,312,229,381,1079,148,2019-06-22 22:20:15,59158,5
226,426,283,69,28,373,2017-06-16 05:40:34,1538,5
227,175,330,867,935,917,2018-03-05 18:27:00,69125,5
228,313,670,14,724,247,2019-09-08 20:04:50,48977,5
229,314,183,298,335,86,2020-05-02 16:42:39,30885,5
230,565,624,961,529,831,2017-07-19 23:47:13,12528,5
231,164,578,992,527,72,2016-07-22 00:05:43,79263,5
232,863,586,306,748,160,2015-07-13 19:54:34,46208,5
233,434,653,495,748,823,2018-11-24 14:08:21,39361,5
234,610,886,311,498,902,2015-11-24 20:00:23,93398,5
235,31,489,435,731,710,2019-03-14 11:43:00,41951,5
236,169,261,398,364,355,2015-03-03 02:15:07,2719,5
237,278,155,415,363,665,2020-04-20 15:02:07,58805,5
238,738,470,970,565,411,2015-08-06 12:50:22,87602,5
239,381,554,796,154,803,2020-06-03 02:34:04,36855,5
240,525,434,832,508,995,2016-03-14 16:34:13,86063,5
241,817,230,843,180,215,2018-02-22 15:51:51,70935,5
242,421,937,126,451,996,2015-12-24 01:06:27,19845,5
243,837,88,825,741,484,2020-01-31 13:45:41,30825,5
244,772,965,807,721,818,2018-08-18 00:54:19,4301,5
245,775,796,177,1132,874,2019-09-18 22:23:55,78160,5
246,352,123,501,163,883,2016-04-27 18:40:09,53365,5
247,970,282,415,45,646,2016-03-13 21:10:16,43631,5
248,405,483,87,133,22,2020-06-06 09:21:17,461,5
249,434,712,710,1179,286,2016-12-14 12:06:50,90385,5
250,276,150,645,508,428,2015-11-29 04:54:50,1203,5
251,665,617,476,905,154,2018-12-25 18:56:15,79089,5
252,816,24,207,664,53,2019-04-27 18:10:16,31531,5
253,301,829,775,105,696,2020-10-02 08:07:11,59905,5
254,485,355,380,305,508,2017-06-29 11:27:37,96715,5
255,437,854,96,883,36,2016-05-12 12:25:30,15533,5
256,817,995,251,712,243,2019-08-14 09:19:20,55868,5
257,161,655,889,805,790,2017-01-10 06:02:52,80522,5
258,998,874,280,414,793,2020-11-02 03:28:00,20158,5
259,187,497,71,76,846,2020-12-17 04:36:59,58912,5
260,937,569,459,838,844,2021-03-02 11:29:21,95511,5
261,693,955,87,1000,160,2015-11-20 00:07:02,46937,5
262,8,238,57,1065,55,2018-12-05 04:32:02,40408,5
263,10,492,189,952,327,2015-05-15 06:53:04,78100,5
264,208,200,738,619,882,2017-11-09 13:02:45,71435,5
265,194,417,323,216,34,2019-12-26 03:58:23,74247,5
266,63,88,339,821,73,2018-12-29 00:17:32,13681,5
267,451,224,905,324,702,2019-04-07 19:51:54,16831,5
268,948,801,319,1174,484,2019-10-23 11:17:57,76471,5
269,164,463,678,87,399,2020-04-16 13:28:08,9391,5
270,240,623,244,819,654,2020-06-14 21:29:41,60968,5
271,533,843,719,124,757,2018-06-15 19:32:35,93444,5
272,428,384,488,408,471,2019-07-30 09:33:17,73584,5
273,295,202,873,935,864,2016-12-14 07:11:45,82228,5
274,569,246,769,391,543,2017-06-04 02:35:56,72509,5
275,977,803,548,96,978,2021-04-14 16:39:26,8256,5
276,859,170,902,512,170,2019-12-29 16:29:47,66017,5
277,931,213,103,86,924,2021-06-27 23:28:15,25464,5
278,297,463,433,689,816,2015-02-14 04:31:42,25083,5
279,17,803,5,1130,951,2019-11-15 08:40:53,13240,5
280,516,817,88,472,330,2018-08-15 21:21:06,85933,5
281,374,266,997,528,385,2016-12-13 19:28:09,62639,5
282,744,623,487,462,221,2018-08-18 21:47:36,32739,5
283,964,124,867,819,66,2015-04-15 07:39:01,52117,5
284,607,795,932,1062,683,2015-06-19 20:48:18,8142,5
285,881,662,707,836,352,2015-01-18 07:46:53,26405,5
286,786,373,712,3,803,2020-04-24 04:23:45,9080,5
287,144,384,186,646,838,2019-07-09 10:12:38,85421,5
288,666,241,227,559,68,2017-03-11 14:36:50,46733,5
289,436,998,182,280,229,2015-07-24 13:20:26,41245,5
290,299,992,181,1100,794,2020-03-17 21:31:42,80191,5
291,641,363,211,925,68,2017-03-21 06:00:27,23067,5
292,291,675,822,1197,720,2015-09-04 08:12:54,95597,5
293,206,223,76,506,327,2018-07-25 07:43:59,3976,5
294,683,278,67,887,864,2020-01-26 20:09:11,48431,5
295,260,762,487,1023,271,2019-09-29 03:12:29,3848,5
296,876,948,252,207,845,2016-11-29 03:18:25,14966,5
297,176,539,466,1117,537,2020-09-16 22:49:49,87406,5
298,595,289,378,1140,318,2020-09-02 21:20:28,86759,5
299,499,820,952,1164,908,2016-06-27 20:35:54,1728,5
300,738,226,809,1086,230,2016-05-21 20:17:30,79947,5
301,687,808,702,546,30,2021-03-26 22:18:40,35780,5
302,828,229,447,1208,425,2020-02-11 06:23:15,90044,5
303,156,851,147,866,387,2018-03-16 15:52:19,47479,5
304,840,26,925,851,416,2015-07-26 07:53:19,70826,5
305,200,348,417,223,180,2017-11-09 03:46:58,80824,5
306,457,884,583,973,208,2021-06-07 11:26:41,39695,5
307,539,398,368,289,142,2016-04-21 18:02:22,55912,5
308,668,453,540,196,742,2017-05-07 01:44:13,48079,5
309,541,479,23,1164,438,2017-05-03 07:24:10,28068,5
310,209,659,618,1058,575,2018-01-25 01:33:33,96806,5
311,298,284,769,731,959,2019-01-10 08:00:07,29617,5
312,86,303,167,1053,417,2018-02-17 09:31:10,75270,5
313,938,969,66,501,484,2017-03-13 22:45:42,32496,5
314,258,663,210,523,483,2015-11-19 21:54:32,75767,5
315,755,28,205,478,558,2016-02-02 10:01:04,88289,5
316,230,897,948,1028,652,2016-05-06 15:16:30,94929,5
317,569,520,440,641,94,2016-11-26 18:44:59,36959,5
318,604,808,696,1031,780,2015-08-12 08:49:30,99399,5
319,572,130,521,572,743,2020-01-27 08:07:24,25896,5
320,723,205,316,1059,503,2016-06-07 06:41:25,69,5
321,514,928,759,398,392,2015-02-22 16:46:36,65843,5
322,142,892,754,481,361,2018-03-12 20:48:52,34387,5
323,291,385,423,298,615,2016-04-05 16:08:01,82580,5
324,719,182,172,520,293,2018-05-24 12:52:35,71939,5
325,780,894,865,1069,698,2016-07-05 12:06:46,28463,5
326,475,361,505,779,455,2019-10-19 14:55:00,27967,5
327,732,618,457,1113,94,2015-11-13 02:27:11,63853,5
328,46,985,685,302,119,2020-10-22 23:50:25,27543,5
329,868,589,23,990,531,2016-02-05 15:38:12,23893,5
330,835,303,589,312,799,2020-10-18 10:18:52,61248,5
331,463,384,161,633,924,2016-03-01 07:02:59,20799,5
332,107,144,669,192,763,2021-08-08 02:51:30,58505,5
333,739,343,915,368,365,2018-04-08 12:18:24,48950,5
334,79,781,941,128,665,2016-05-03 09:23:50,50804,5
335,347,810,571,1047,614,2017-03-03 09:22:46,17893,5
336,979,161,374,552,132,2015-03-26 21:05:34,90290,5
337,325,778,170,873,761,2018-11-10 11:22:12,43848,5
338,562,731,370,104,632,2018-09-01 03:11:04,26098,5
339,762,53,10,945,834,2017-06-06 04:34:24,75615,5
340,634,359,786,1021,687,2019-10-29 06:39:46,13949,5
341,193,892,22,946,679,2016-03-05 20:37:13,21840,5
342,727,296,291,530,212,2015-03-29 08:32:41,30689,5
343,213,158,61,971,84,2019-03-22 14:58:45,72298,5
344,552,214,740,1079,467,2016-02-29 08:33:41,127,5
345,469,261,779,613,461,2015-10-07 07:21:59,3105,5
346,68,276,210,448,957,2015-09-08 02:30:36,42772,5
347,149,662,414,103,960,2019-05-15 12:04:57,92420,5
348,824,487,52,396,977,2020-01-28 10:04:07,18165,5
349,819,475,487,22,919,2019-05-14 09:58:21,43654,5
350,924,787,798,1122,687,2016-09-13 10:40:17,25913,5
351,279,711,634,110,213,2019-10-04 17:09:55,65402,5
352,144,112,486,440,875,2019-08-16 17:52:53,21358,5
353,616,792,339,568,179,2019-03-16 04:36:42,41773,5
354,205,416,419,486,74,2020-08-31 03:55:37,85305,5
355,167,343,513,41,333,2015-09-12 10:38:05,30962,5
356,164,272,856,215,524,2019-04-05 02:37:11,3243,5
357,637,441,952,738,954,2016-02-20 14:11:20,25347,5
358,544,876,371,173,258,2021-04-22 07:20:39,13814,5
359,68,193,781,267,794,2017-05-23 15:10:10,97357,5
360,321,487,509,47,526,2019-01-11 10:51:28,85793,5
361,736,833,254,524,239,2016-06-15 13:18:57,30895,5
362,894,312,878,1183,923,2021-05-14 19:59:14,1378,5
363,649,280,293,1128,313,2017-06-14 11:39:20,38987,5
364,212,915,949,78,628,2017-07-24 05:12:09,73503,5
365,38,760,480,997,244,2015-08-07 11:49:14,2780,5
366,583,19,805,1189,975,2020-12-13 09:49:47,96347,5
367,149,780,319,303,201,2019-06-06 22:37:43,84271,5
368,323,204,644,996,156,2015-12-14 02:05:17,68475,5
369,627,173,168,127,855,2019-08-03 04:44:07,3278,5
370,656,210,583,517,164,2020-11-05 20:04:05,43869,5
371,641,799,584,865,839,2016-09-05 19:31:06,92080,5
372,669,233,570,240,567,2018-04-17 18:03:57,20947,5
373,66,675,170,739,721,2020-05-02 01:14:42,58611,5
374,467,601,653,982,714,2019-03-22 23:34:00,98484,5
375,256,822,851,553,1000,2020-09-06 14:24:03,49612,5
376,443,248,677,620,809,2021-06-08 19:42:39,31452,5
377,91,546,855,341,632,2020-02-14 08:54:52,62373,5
378,821,927,163,1074,356,2015-06-06 23:50:29,90974,5
379,892,433,412,219,372,2017-05-10 14:01:48,26002,5
380,888,619,278,890,622,2019-07-15 12:41:44,81899,5
381,866,573,292,781,66,2019-09-15 14:50:38,15593,5
382,417,379,991,1035,738,2021-03-06 16:24:19,22714,5
383,811,351,735,240,264,2017-03-27 08:45:27,59742,5
384,993,424,327,1095,723,2015-05-22 00:22:23,96993,5
385,163,817,440,851,411,2016-11-24 04:31:43,53642,5
386,407,844,205,786,824,2017-01-13 18:22:40,37234,5
387,967,922,787,984,40,2016-08-30 12:22:25,85198,5
388,116,774,466,722,813,2019-04-16 00:18:29,47850,5
389,589,778,958,614,82,2020-07-01 17:05:27,18248,5
390,980,73,229,437,914,2019-02-25 23:20:18,84112,5
391,202,919,603,497,202,2018-10-22 02:17:43,36178,5
392,899,463,985,598,149,2017-12-22 06:32:59,15681,5
393,291,714,645,1146,813,2021-01-16 07:23:44,64298,5
394,333,582,331,659,717,2019-06-23 17:24:50,93078,5
395,149,988,584,577,270,2017-06-15 09:39:36,87606,5
396,561,979,48,1078,126,2020-10-28 01:18:45,33461,5
397,687,255,222,519,852,2017-09-17 08:57:48,49890,5
398,351,522,176,1041,639,2019-04-23 04:05:07,38663,5
399,204,977,194,804,861,2015-12-31 07:32:54,91842,5
400,295,466,362,906,321,2019-05-11 09:54:41,61210,5
401,163,802,780,307,404,2015-12-13 01:20:46,62329,5
402,658,745,553,974,916,2016-05-15 11:51:40,87014,5
403,205,723,17,291,51,2021-07-26 08:14:28,31353,5
404,391,155,914,641,786,2016-04-26 06:55:28,17685,5
405,133,296,587,123,467,2016-10-20 23:17:47,51990,5
406,552,10,931,900,252,2017-07-20 10:41:13,74567,5
407,619,199,419,664,563,2016-06-16 19:42:24,29591,5
408,732,129,287,721,192,2017-01-05 03:07:51,66927,5
409,820,399,393,315,505,2019-05-24 00:33:49,32598,5
410,157,977,615,1201,824,2019-09-17 04:42:03,65672,5
411,740,716,990,618,877,2016-10-28 23:07:28,46843,5
412,245,651,872,1119,269,2021-02-23 23:01:19,38723,5
413,567,802,327,867,226,2018-09-01 07:20:23,85637,5
414,549,330,197,250,347,2018-10-10 23:44:26,63577,5
415,493,783,185,398,473,2015-09-04 03:10:10,13608,5
416,762,328,943,1132,279,2015-01-05 17:52:18,96461,5
417,33,370,480,799,448,2020-06-07 12:07:32,5883,5
418,744,420,293,466,272,2017-06-06 16:06:17,14130,5
419,279,95,527,474,341,2018-12-30 11:21:31,98934,5
420,25,276,292,945,511,2016-03-09 17:37:18,14926,5
421,525,938,393,1088,273,2020-08-15 19:17:17,81417,5
422,389,425,887,316,419,2021-07-01 01:28:19,37325,5
423,607,323,44,624,854,2019-01-06 21:30:44,10203,5
424,383,125,278,755,860,2019-03-11 06:42:04,60021,5
425,899,910,792,1066,284,2017-07-10 14:11:12,85812,5
426,58,543,87,956,261,2019-03-16 07:20:27,86592,5
427,631,999,647,799,498,2018-02-19 09:35:03,93875,5
428,725,652,943,439,946,2019-06-10 05:35:59,90214,5
429,861,482,611,846,379,2019-05-19 12:00:46,22437,5
430,3,723,913,455,322,2020-12-04 22:25:34,86156,5
431,605,94,951,902,693,2018-01-28 22:27:06,14869,5
432,852,450,644,814,444,2019-02-06 13:07:17,72319,5
433,765,32,301,881,67,2020-08-25 23:46:11,2452,5
434,838,614,754,551,965,2018-11-21 00:06:52,92173,5
435,494,325,227,986,791,2020-09-08 15:13:08,41243,5
436,318,99,56,297,456,2020-12-06 03:30:19,29075,5
437,373,101,705,934,13,2021-07-21 19:51:37,41878,5
438,357,693,745,1009,422,2017-09-26 23:21:19,42489,5
439,876,311,997,935,5,2018-02-03 15:53:59,81735,5
440,651,186,445,819,927,2021-04-12 10:01:13,3539,5
441,377,5,244,598,553,2020-09-08 22:48:54,68160,5
442,21,104,799,506,419,2016-03-19 01:16:05,821,5
443,890,703,638,423,564,2021-06-20 00:17:23,25723,5
444,154,665,727,569,190,2021-03-28 23:56:21,19338,5
445,563,532,895,590,583,2020-03-08 23:32:15,59521,5
446,262,299,186,433,748,2016-11-28 22:27:34,17327,5
447,3,45,938,1139,651,2019-08-29 15:33:46,23529,5
448,773,972,757,543,68,2019-09-03 10:36:34,11455,5
449,99,399,332,533,537,2016-02-24 11:04:50,82574,5
450,49,621,313,446,317,2016-01-25 12:33:42,14733,5
451,609,207,508,295,906,2016-11-19 23:57:19,39418,5
452,611,256,430,371,566,2018-06-12 17:47:40,52525,5
453,816,495,511,546,650,2015-10-22 02:03:36,58685,5
454,578,93,737,825,200,2021-06-08 05:50:04,58174,5
455,464,40,586,836,212,2019-07-23 19:23:50,41666,5
456,331,469,296,876,677,2017-11-17 16:04:59,44046,5
457,110,531,974,722,771,2019-03-10 02:24:38,51813,5
458,400,109,795,152,656,2015-07-17 03:57:09,11292,5
459,685,370,325,1005,481,2019-01-31 00:48:40,27665,5
460,249,54,953,427,262,2019-03-09 05:26:52,32936,5
461,944,504,306,1159,190,2018-01-23 19:55:14,95595,5
462,694,712,932,553,882,2020-08-24 06:24:01,31987,5
463,947,43,557,1007,45,2020-05-30 10:59:25,97593,5
464,859,654,50,491,408,2019-03-22 04:18:34,37622,5
465,86,198,176,277,36,2021-06-28 06:09:46,58885,5
466,598,372,731,1018,763,2019-08-24 09:52:23,62180,5
467,672,433,112,651,61,2015-01-12 05:34:01,77984,5
468,49,803,503,485,13,2021-05-17 14:05:58,81415,5
469,287,449,613,234,242,2016-06-10 22:22:41,41848,5
470,116,823,250,449,443,2020-06-01 04:38:49,52651,5
471,416,674,139,1108,257,2021-07-21 17:52:20,10117,5
472,9,47,265,569,946,2019-10-04 14:28:04,46192,5
473,667,817,315,1006,842,2021-05-16 21:48:27,11678,5
474,361,938,724,848,824,2020-03-25 04:08:12,70498,5
475,696,559,680,148,372,2017-07-15 18:10:54,9726,5
476,106,966,780,724,478,2016-03-01 04:50:21,91943,5
477,982,313,284,1133,527,2018-07-07 17:59:18,36183,5
478,19,338,847,716,341,2017-02-23 00:51:06,20204,5
479,647,156,762,907,26,2017-12-07 03:31:09,12005,5
480,161,663,835,1127,255,2017-10-08 16:39:48,24329,5
481,504,5,262,650,523,2021-05-22 13:26:58,86712,5
482,737,805,197,223,286,2016-04-18 08:25:48,7284,5
483,402,692,778,955,978,2020-06-07 20:10:21,71106,5
484,621,942,90,620,29,2019-01-02 03:59:54,24982,5
485,428,666,968,673,983,2017-05-14 09:09:00,67888,5
486,735,895,7,721,268,2019-05-01 06:22:39,42357,5
487,916,134,888,576,255,2015-03-05 13:01:26,95987,5
488,425,828,214,928,249,2017-03-21 06:02:16,34129,5
489,420,205,196,1013,452,2020-07-19 17:07:16,92734,5
490,667,673,53,752,652,2015-09-24 06:18:50,19308,5
491,823,608,135,530,755,2017-10-30 03:31:27,16787,5
492,772,383,292,145,347,2020-09-19 23:17:05,84116,5
493,378,543,12,354,647,2016-03-30 08:35:25,66981,5
494,199,240,101,814,416,2019-02-28 21:01:21,56524,5
495,221,452,719,157,683,2017-02-19 21:53:33,18770,5
496,286,797,76,340,145,2015-01-03 09:54:55,30423,5
497,523,324,325,437,933,2017-09-26 20:37:22,57650,5
498,199,847,572,166,834,2019-03-12 04:55:21,40543,5
499,949,413,197,461,393,2020-08-17 02:09:29,63206,5
500,345,693,894,302,627,2020-07-13 05:04:15,25377,5
501,716,272,926,606,651,2015-08-16 08:14:16,57918,5
502,479,704,965,5,407,2017-01-23 19:21:11,39692,5
503,234,235,197,300,625,2017-09-29 08:29:53,27783,5
504,23,643,165,498,539,2020-08-27 22:27:30,40929,5
505,896,13,627,356,387,2016-10-11 08:28:02,97877,5
506,134,836,936,616,493,2016-08-12 05:21:01,34326,5
507,21,108,857,448,514,2021-09-05 02:45:31,65880,5
508,59,241,392,519,286,2018-01-14 15:38:23,92672,5
509,302,603,901,91,500,2020-07-08 02:20:14,82160,5
510,647,748,536,888,67,2017-05-26 06:48:35,72090,5
511,9,831,23,722,492,2018-02-14 17:46:51,79533,5
512,400,150,239,259,57,2019-04-28 15:29:05,73565,5
513,125,752,461,101,139,2021-07-18 20:56:55,1792,5
514,973,518,754,55,817,2021-08-23 07:11:16,82823,5
515,808,864,516,115,856,2017-09-23 02:00:33,89015,5
516,548,915,367,1096,669,2020-07-27 17:49:30,63213,5
517,23,441,541,564,455,2021-03-11 13:34:31,57039,5
518,538,595,592,738,516,2019-12-28 17:42:54,73728,5
519,86,508,145,191,239,2021-04-30 07:36:29,33494,5
520,525,152,564,755,141,2020-09-24 00:14:41,83943,5
521,454,372,70,997,152,2021-07-04 03:00:33,37315,5
522,2,263,174,547,279,2017-06-22 16:36:58,37269,5
523,56,659,88,643,366,2016-05-12 13:23:12,36134,5
524,953,68,464,482,760,2017-05-17 01:21:07,18399,5
525,650,425,5,7,916,2020-11-28 08:27:47,60145,5
526,791,786,231,1169,622,2015-12-17 15:01:43,35633,5
527,402,640,231,691,779,2018-10-04 19:11:54,27691,5
528,116,961,394,1205,965,2018-11-19 09:26:58,38476,5
529,174,15,567,563,82,2016-12-02 04:47:31,6898,5
530,482,877,852,681,574,2017-08-28 11:31:46,41527,5
531,214,765,754,469,127,2017-05-29 13:17:53,53505,5
532,804,98,964,543,38,2021-03-12 08:09:07,32316,5
533,798,569,18,438,474,2018-05-13 18:58:56,55030,5
534,392,650,285,73,554,2021-06-17 08:58:41,92746,5
535,933,712,677,587,252,2021-08-18 01:49:38,77724,5
536,138,631,835,37,44,2020-02-02 20:33:42,17994,5
537,324,78,172,123,855,2021-09-01 11:22:33,59897,5
538,683,95,401,33,774,2016-04-22 12:24:07,98151,5
539,146,98,196,12,833,2020-09-08 20:04:55,28576,5
540,132,541,670,913,933,2019-10-29 04:01:51,15619,5
541,611,933,710,1097,231,2017-03-08 14:35:04,77038,5
542,930,382,518,386,457,2020-04-26 03:35:10,11728,5
543,535,991,554,66,67,2017-10-09 08:08:41,91874,5
544,845,634,958,155,962,2016-05-10 04:15:07,58155,5
545,790,900,103,1091,263,2021-03-20 22:07:44,22823,5
546,760,435,925,1089,412,2019-04-30 18:33:31,70608,5
547,517,282,571,724,845,2018-12-25 16:47:25,400,5
548,973,832,301,89,204,2020-09-07 14:02:43,24070,5
549,440,200,829,846,643,2021-07-31 17:58:47,38606,5
550,380,345,164,913,148,2021-07-23 17:57:21,10369,5
551,757,598,339,1006,507,2017-03-01 14:52:24,22338,5
552,799,973,35,843,101,2017-11-07 13:19:35,75918,5
553,658,492,275,962,717,2021-03-15 17:48:08,7921,5
554,949,883,363,982,115,2016-06-03 17:12:14,68837,5
555,615,756,310,93,807,2018-01-31 01:09:22,64195,5
556,974,692,614,373,207,2016-04-21 02:38:41,88512,5
557,660,619,921,893,566,2016-05-25 05:38:11,59423,5
558,51,603,27,838,333,2019-06-22 03:21:36,34797,5
559,603,991,643,909,527,2015-01-04 08:48:23,2503,5
560,784,17,220,1004,45,2018-09-24 23:30:29,11056,5
561,933,870,109,977,191,2017-10-28 12:54:59,34979,5
562,889,303,197,470,800,2020-11-27 14:43:01,26788,5
563,533,419,35,602,682,2017-08-01 05:36:19,89952,5
564,3,973,487,176,245,2015-05-24 05:30:25,9597,5
565,263,151,755,1066,144,2020-12-04 23:49:43,696,5
566,162,251,108,636,25,2019-04-21 04:07:39,9121,5
567,358,3,641,226,686,2021-07-15 02:56:55,8487,5
568,85,1000,908,548,455,2018-08-14 09:48:38,4189,5
569,688,33,722,1078,76,2020-07-23 12:52:27,51892,5
570,378,885,897,648,179,2017-01-20 00:51:53,85537,5
571,16,129,938,429,277,2015-04-23 21:44:07,44960,5
572,152,887,526,76,206,2020-09-27 20:21:23,51035,5
573,905,807,583,570,846,2019-01-31 05:14:26,35912,5
574,656,938,174,915,625,2018-12-14 22:16:50,67028,5
575,669,223,99,286,281,2015-04-12 07:31:49,76944,5
576,389,850,505,298,713,2017-08-18 23:49:43,35037,5
577,207,970,865,1128,520,2017-08-03 00:09:52,89151,5
578,444,948,463,385,830,2017-03-21 12:28:05,87983,5
579,897,675,437,958,442,2017-01-18 12:53:02,41161,5
580,351,70,573,336,84,2020-01-31 12:48:18,44823,5
581,736,392,44,1114,546,2020-05-12 09:38:22,21276,5
582,439,384,495,535,285,2018-10-24 07:08:43,39361,5
583,638,708,262,566,718,2019-06-10 00:59:53,42332,5
584,986,10,517,886,459,2017-04-24 04:55:03,86692,5
585,624,397,587,442,308,2018-06-08 01:28:49,50550,5
586,977,865,279,851,561,2016-02-02 02:31:42,81068,5
587,823,683,872,881,44,2016-11-11 06:17:05,96881,5
588,449,683,13,657,909,2020-10-30 04:15:07,62995,5
589,974,358,955,318,382,2019-04-01 01:45:31,82486,5
590,776,731,845,276,382,2020-05-20 02:27:41,6385,5
591,616,440,677,729,561,2021-05-01 08:28:49,66138,5
592,481,598,55,7,515,2015-02-22 10:53:28,85199,5
593,240,844,559,653,611,2015-01-13 15:02:55,42672,5
594,274,397,172,882,527,2021-07-12 09:01:32,41215,5
595,687,180,251,712,607,2017-11-06 04:03:40,65181,5
596,825,531,646,256,828,2021-05-31 10:13:33,51274,5
597,590,39,87,578,270,2021-01-15 22:18:14,4922,5
598,811,61,478,48,260,2015-04-11 13:19:02,76866,5
599,244,858,833,952,331,2020-08-05 22:38:34,91807,5
600,71,139,671,698,784,2018-06-06 06:49:45,12484,5
601,879,76,64,68,155,2020-09-01 22:31:14,7360,5
602,213,436,826,369,399,2020-08-05 01:00:15,33362,5
603,158,542,788,207,389,2020-04-09 20:25:43,64361,5
604,226,148,754,705,528,2021-06-21 18:27:46,98255,5
605,480,37,706,957,691,2017-07-02 14:50:24,43463,5
606,236,605,664,475,371,2021-05-27 22:12:31,70635,5
607,332,407,295,327,933,2019-01-16 16:55:10,68465,5
608,606,951,920,97,721,2020-06-14 07:30:49,11048,5
609,439,133,256,870,939,2016-07-07 19:04:38,93212,5
610,602,401,568,928,307,2017-03-26 14:52:48,28494,5
611,18,519,556,1010,706,2020-05-22 17:43:43,45274,5
612,611,684,762,1176,716,2018-08-14 01:31:37,96830,5
613,719,481,71,846,834,2018-09-21 20:12:33,66900,5
614,430,672,296,360,302,2018-04-04 00:40:44,60144,5
615,163,684,281,440,382,2016-04-07 20:45:21,40489,5
616,352,158,961,505,173,2018-10-08 07:33:50,3488,5
617,288,574,656,629,40,2020-07-11 09:27:02,61523,5
618,238,440,703,497,687,2020-06-15 23:50:16,26758,5
619,948,575,591,246,881,2016-04-22 02:45:14,66395,5
620,146,203,526,396,228,2017-02-19 01:22:06,45184,5
621,269,145,82,657,611,2016-03-20 15:02:44,76693,5
622,288,761,511,761,92,2016-09-25 08:48:32,9804,5
623,633,685,286,534,244,2019-08-25 00:50:35,33378,5
624,374,872,980,886,825,2015-06-24 14:23:34,97863,5
625,235,59,782,1103,530,2018-11-14 01:06:21,63888,5
626,97,622,886,584,354,2020-07-16 16:40:00,63959,5
627,318,449,693,428,864,2017-08-22 03:52:13,60580,5
628,434,143,681,138,641,2015-07-20 13:10:50,43589,5
629,995,393,795,717,400,2015-12-11 01:39:18,85672,5
630,180,894,836,1039,591,2017-01-22 07:31:56,46189,5
631,487,952,105,291,461,2018-03-30 10:14:50,18838,5
632,52,644,42,975,177,2015-08-02 04:04:30,11913,5
633,116,372,522,972,125,2015-09-07 03:14:12,14233,5
634,118,304,171,507,446,2018-10-02 20:31:40,19050,5
635,882,361,495,478,857,2016-08-11 15:00:41,66551,5
636,423,375,76,489,607,2018-04-11 05:59:33,33516,5
637,940,284,604,1066,350,2017-11-30 21:15:51,27972,5
638,464,5,782,285,844,2017-03-16 03:35:46,11465,5
639,36,993,530,1172,341,2019-01-26 17:08:43,52484,5
640,535,353,893,82,879,2018-07-07 23:49:41,99048,5
641,527,112,756,705,16,2015-05-15 05:51:13,89254,5
642,743,922,176,1176,31,2017-07-29 10:32:25,27889,5
643,66,844,99,677,456,2021-07-06 18:59:50,76405,5
644,293,138,272,595,532,2016-07-11 15:13:00,38093,5
645,443,917,18,399,506,2018-05-03 04:09:41,78938,5
646,696,332,1000,786,33,2017-01-12 09:39:42,28999,5
647,382,666,935,195,776,2019-07-05 03:56:25,73892,5
648,594,532,515,987,480,2018-07-14 11:36:07,44797,5
649,156,93,417,269,894,2020-03-23 09:42:38,70589,5
650,465,806,26,34,467,2018-10-01 17:28:55,93734,5
651,76,335,639,640,107,2015-06-12 07:41:33,97187,5
652,277,750,797,237,728,2016-09-29 15:23:39,92224,5
653,210,650,448,62,976,2016-12-02 21:17:19,93212,5
654,512,739,894,585,569,2021-04-26 09:19:23,80307,5
655,374,928,742,494,833,2019-11-22 08:26:20,40346,5
656,123,786,129,212,754,2019-09-13 05:37:26,45733,5
657,129,336,433,493,33,2019-03-21 05:55:41,58407,5
658,179,140,60,1094,370,2021-04-12 21:47:48,89381,5
659,542,973,189,516,732,2015-12-11 12:26:48,84814,5
660,998,986,902,374,735,2017-05-25 08:42:02,58232,5
661,426,702,737,685,111,2015-04-06 00:15:32,66737,5
662,302,350,125,706,998,2020-02-12 07:41:35,32708,5
663,283,543,312,729,744,2016-07-14 07:38:30,48432,5
664,7,433,813,1120,560,2017-09-23 12:28:07,81128,5
665,997,656,213,929,149,2021-01-19 19:59:25,87536,5
666,601,891,517,21,779,2019-06-05 22:59:33,55788,5
667,1,669,897,1191,420,2017-07-08 22:00:53,9696,5
668,606,836,719,1086,644,2018-02-26 13:25:22,59484,5
669,131,708,971,819,792,2018-01-27 22:01:46,52278,5
670,166,203,105,674,72,2019-01-15 22:51:12,90990,5
671,11,561,216,833,768,2015-01-12 19:04:31,27378,5
672,524,383,774,73,714,2017-07-16 13:16:02,589,5
673,18,465,411,453,168,2020-08-22 10:45:29,17837,5
674,718,885,879,149,771,2018-08-29 18:24:10,13801,5
675,787,880,383,1126,360,2021-07-11 08:35:39,19938,5
676,65,494,662,1154,440,2015-11-18 04:39:51,74163,5
677,354,54,383,739,887,2019-02-12 11:10:59,40808,5
678,374,461,715,281,124,2015-01-23 14:06:04,70012,5
679,61,218,751,636,543,2021-08-24 14:06:53,63556,5
680,54,443,229,943,951,2016-02-26 13:11:48,57331,5
681,544,267,167,22,897,2015-07-14 03:29:21,86125,5
682,628,660,603,1095,527,2021-07-14 22:28:55,61378,5
683,815,372,590,181,901,2019-06-10 00:59:39,83079,5
684,988,293,240,825,74,2020-11-18 16:46:43,39893,5
685,474,150,669,799,91,2016-09-24 07:07:05,29526,5
686,648,463,818,900,199,2021-01-14 18:00:05,81219,5
687,52,778,734,413,923,2017-03-19 18:42:51,34598,5
688,686,226,556,167,244,2015-02-05 18:08:53,32221,5
689,116,238,690,1037,558,2016-11-21 02:24:57,16721,5
690,626,302,175,700,638,2015-06-15 22:48:15,272,5
691,239,908,80,235,788,2018-01-27 05:25:05,53536,5
692,118,199,56,111,589,2017-10-01 14:32:00,67941,5
693,736,690,316,100,784,2015-06-25 08:33:00,72938,5
694,593,485,597,181,888,2015-08-03 12:58:59,7872,5
695,405,73,690,1038,592,2019-11-18 18:11:19,75688,5
696,723,164,25,983,261,2020-01-13 20:53:23,39558,5
697,748,621,350,924,960,2016-12-03 22:30:10,88078,5
698,518,827,534,63,232,2015-05-17 01:45:33,88433,5
699,989,460,644,129,310,2016-04-17 19:21:18,50482,5
700,453,510,60,719,323,2020-08-30 21:01:45,85243,5
701,719,644,695,376,448,2015-12-15 16:25:56,78396,5
702,199,596,964,75,132,2016-10-23 07:08:16,27535,5
703,319,138,483,232,287,2015-10-27 23:56:36,3872,5
704,958,172,48,1048,76,2016-03-13 06:13:45,35884,5
705,999,150,557,28,891,2018-02-19 12:23:05,20026,5
706,96,631,69,277,550,2016-12-29 05:45:13,54599,5
707,424,982,431,609,758,2019-05-15 01:59:04,29684,5
708,345,447,122,985,489,2016-09-23 06:44:06,87211,5
709,754,617,90,192,320,2019-11-27 11:39:09,52939,5
710,980,589,716,239,440,2020-06-17 01:31:18,62958,5
711,981,726,502,132,754,2016-04-07 03:34:28,82904,5
712,95,669,634,556,304,2020-12-18 01:46:00,94141,5
713,393,959,58,232,710,2017-07-06 01:36:36,95324,5
714,561,99,961,10,532,2017-12-12 22:41:01,46553,5
715,323,354,115,972,521,2018-04-02 17:41:31,62867,5
716,365,825,231,660,866,2015-12-15 06:15:46,2369,5
717,927,516,71,1130,233,2019-10-19 05:40:27,55707,5
718,497,687,637,620,251,2016-05-15 01:29:16,61009,5
719,899,387,586,517,599,2016-10-09 09:40:12,77884,5
720,307,307,600,750,781,2018-03-12 10:14:45,28736,5
721,341,841,968,1139,804,2017-11-30 14:00:49,86863,5
722,229,317,162,654,134,2020-05-31 20:31:58,84659,5
723,559,747,517,661,197,2020-12-28 15:31:21,75875,5
724,206,664,195,132,229,2020-11-22 17:55:49,47559,5
725,813,945,871,170,189,2019-11-14 06:11:12,66941,5
726,935,47,563,921,524,2017-07-23 11:46:30,87247,5
727,785,883,329,430,24,2015-06-21 23:14:20,36271,5
728,481,265,907,251,564,2020-02-05 16:24:19,41297,5
729,348,860,451,573,870,2018-06-08 00:07:33,49763,5
730,281,850,449,52,252,2020-07-07 16:54:53,76351,5
731,225,199,887,484,34,2019-04-20 15:30:56,37455,5
732,454,530,923,508,232,2020-06-02 15:54:14,31198,5
733,941,343,236,967,45,2016-09-02 03:24:44,55444,5
734,56,528,574,324,108,2019-10-22 08:19:26,64829,5
735,802,748,716,516,901,2021-05-27 18:43:31,71215,5
736,667,115,897,665,953,2015-11-04 11:06:10,88501,5
737,261,199,300,798,834,2019-03-31 14:02:36,61733,5
738,654,828,922,342,154,2021-01-09 11:26:14,39477,5
739,765,871,925,877,425,2016-08-25 11:10:14,16418,5
740,130,298,167,415,652,2017-05-23 08:08:24,75398,5
741,566,263,687,134,308,2015-02-22 12:11:11,21519,5
742,344,541,862,943,99,2021-02-28 10:34:05,42272,5
743,478,941,710,1093,630,2015-11-30 05:59:24,67733,5
744,727,120,514,370,654,2017-03-06 07:01:53,79199,5
745,338,988,872,476,485,2015-06-05 03:55:15,70384,5
746,456,158,108,973,362,2016-12-15 07:16:59,48571,5
747,823,202,249,190,39,2017-11-07 01:40:49,71060,5
748,894,243,152,257,432,2017-06-10 07:43:27,49940,5
749,140,272,311,556,67,2020-06-06 17:11:33,31963,5
750,735,848,150,594,608,2016-05-18 07:29:29,47346,5
751,62,374,665,474,11,2016-07-31 09:24:10,6664,5
752,618,577,636,381,951,2019-04-15 08:35:15,88023,5
753,360,158,228,1003,816,2021-01-08 06:26:58,1324,5
754,336,944,374,1026,498,2016-12-11 02:15:01,60186,5
755,786,246,52,430,975,2018-10-30 15:41:59,54582,5
756,23,649,346,1100,940,2019-11-04 13:50:16,44548,5
757,855,639,534,1081,522,2019-01-11 22:05:24,24691,5
758,202,437,355,999,443,2019-12-28 00:46:52,43975,5
759,40,6,740,165,769,2015-04-17 05:10:07,18115,5
760,958,241,645,673,61,2018-12-24 18:52:37,17128,5
761,761,201,957,506,171,2017-02-15 22:14:00,82092,5
762,634,110,625,884,298,2019-09-12 08:50:50,33018,5
763,63,183,881,899,167,2016-09-28 15:49:45,36958,5
764,580,424,107,330,365,2016-05-23 22:50:45,83235,5
765,576,819,462,362,206,2015-09-02 10:39:52,19857,5
766,505,791,104,1066,634,2018-01-09 13:02:16,74555,5
767,935,126,701,262,231,2015-12-11 02:12:08,55364,5
768,837,641,962,478,963,2015-09-05 20:05:08,4783,5
769,260,627,94,350,667,2015-04-28 23:55:25,90232,5
770,262,782,322,932,700,2016-12-31 12:04:21,70115,5
771,689,573,324,1192,409,2020-12-06 19:34:51,76367,5
772,952,757,162,1142,21,2019-06-22 06:05:51,91205,5
773,334,90,940,648,977,2018-03-16 23:13:10,72701,5
774,999,823,16,1007,418,2018-01-01 18:26:05,8257,5
775,2,285,843,1107,943,2019-10-02 20:41:01,63510,5
776,636,978,892,329,278,2019-06-21 19:23:57,78328,5
777,746,815,825,989,167,2016-07-03 08:33:04,92700,5
778,388,850,911,417,187,2016-01-22 12:10:12,35596,5
779,848,444,880,779,196,2018-08-29 00:55:27,41380,5
780,76,585,558,1095,614,2017-04-13 12:05:10,55666,5
781,866,631,114,1000,324,2017-11-20 14:36:48,13592,5
782,562,182,734,1131,999,2020-12-03 08:06:09,43581,5
783,557,199,525,762,836,2020-07-18 09:25:36,28868,5
784,358,904,248,841,857,2020-07-27 03:11:06,9542,5
785,812,863,324,52,792,2019-07-14 07:25:05,88150,5
786,144,559,37,1106,24,2015-02-26 03:35:33,16092,5
787,352,657,24,486,66,2017-09-22 16:33:42,50717,5
788,977,258,207,990,426,2015-05-18 07:41:21,69187,5
789,723,535,248,49,498,2021-05-24 14:45:53,68504,5
790,314,315,468,119,426,2017-09-02 19:45:51,93688,5
791,806,671,883,857,615,2016-09-12 21:25:36,94178,5
792,290,453,675,1110,607,2021-05-04 17:40:41,1681,5
793,57,291,594,106,476,2015-02-17 03:26:08,70563,5
794,398,280,457,157,498,2021-05-25 00:37:49,24065,5
795,914,613,633,525,414,2015-07-06 15:57:21,18168,5
796,370,657,556,1152,259,2021-08-04 04:53:33,15987,5
797,594,641,851,51,631,2020-09-09 17:01:02,70286,5
798,237,513,306,1112,684,2016-07-07 18:36:32,21699,5
799,700,294,343,26,441,2017-04-07 06:03:11,95614,5
800,532,92,251,814,504,2018-09-14 01:53:39,79612,5
801,172,672,25,351,345,2020-09-15 02:43:59,33234,5
802,721,237,639,1,370,2021-03-01 09:09:00,1816,5
803,1,860,282,976,673,2017-12-01 09:29:42,73145,5
804,661,363,87,490,909,2018-09-30 23:57:30,86983,5
805,353,403,531,46,626,2018-12-05 17:19:08,92380,5
806,434,363,825,220,864,2020-01-18 11:51:39,82488,5
807,424,484,822,774,23,2017-09-28 04:58:01,22426,5
808,146,150,162,230,502,2018-04-20 11:42:40,80315,5
809,633,90,602,114,877,2017-11-01 06:41:53,75397,5
810,770,842,289,1044,751,2016-01-19 21:45:40,59788,5
811,684,864,952,1114,729,2015-12-01 06:19:43,75000,5
812,537,242,508,396,295,2015-07-05 18:24:18,52759,5
813,269,135,227,651,702,2019-05-26 14:23:14,40754,5
814,673,780,575,462,521,2020-02-16 08:55:24,85265,5
815,442,353,523,373,384,2016-05-04 20:15:38,98400,5
816,49,163,559,431,61,2020-09-10 19:28:47,72533,5
817,241,944,666,757,721,2020-04-15 02:16:37,31653,5
818,619,626,499,53,814,2016-09-19 23:49:17,1625,5
819,490,763,880,163,711,2015-10-14 04:02:25,90205,5
820,346,550,794,383,366,2019-06-26 00:07:22,37409,5
821,927,709,57,46,790,2020-05-12 18:55:27,77939,5
822,485,838,25,795,703,2020-05-30 13:20:58,69202,5
823,385,552,963,613,428,2019-05-21 13:51:53,99707,5
824,153,250,45,11,46,2020-10-07 20:34:01,46634,5
825,116,97,482,884,447,2020-06-03 17:49:05,59676,5
826,926,670,634,72,406,2016-12-29 17:03:15,75314,5
827,456,534,512,338,873,2016-10-03 20:21:01,97939,5
828,358,813,756,1092,287,2018-03-17 07:30:33,48362,5
829,596,224,405,947,567,2018-11-24 03:17:08,93470,5
830,478,844,186,986,51,2015-09-26 05:55:54,17480,5
831,443,826,736,387,56,2018-01-08 20:40:53,96380,5
832,527,212,388,445,183,2018-11-20 02:28:59,5157,5
833,242,728,725,437,859,2017-12-13 06:06:49,70819,5
834,908,516,206,1049,271,2015-05-10 14:10:46,47742,5
835,927,766,430,1060,332,2019-10-15 12:33:44,81228,5
836,220,587,161,613,416,2015-10-22 12:04:11,51933,5
837,874,578,977,510,47,2020-04-12 13:52:18,63974,5
838,100,323,274,574,647,2020-04-01 10:20:09,83088,5
839,277,32,760,212,125,2016-09-24 14:50:28,41853,5
840,828,143,421,923,212,2019-03-21 10:40:25,98263,5
841,626,243,466,514,23,2018-04-12 13:32:05,52344,5
842,620,838,192,754,835,2018-12-03 21:11:43,15506,5
843,689,215,304,652,268,2020-08-05 00:52:32,3901,5
844,210,865,975,1005,833,2019-02-06 06:34:03,42605,5
845,712,738,706,678,658,2018-07-15 16:35:10,11245,5
846,675,787,920,850,119,2017-11-27 07:25:55,83436,5
847,497,777,476,35,470,2015-03-24 07:52:23,94053,5
848,780,903,983,323,307,2015-11-26 05:04:55,50104,5
849,470,242,974,382,675,2019-07-04 20:45:32,28818,5
850,489,287,117,865,58,2016-12-16 19:47:57,97210,5
851,118,515,393,215,331,2021-02-12 10:48:28,57334,5
852,459,581,992,642,808,2015-02-13 12:29:24,88371,5
853,421,372,397,558,623,2021-01-15 03:47:00,46741,5
854,569,940,151,456,334,2017-08-18 07:11:31,62895,5
855,912,721,890,505,676,2015-02-11 10:40:47,91101,5
856,936,97,761,93,515,2017-10-07 03:42:27,66867,5
857,500,723,201,763,85,2015-07-18 04:56:12,66254,5
858,627,299,64,628,487,2020-03-06 00:45:53,25672,5
859,724,681,955,1179,830,2021-05-09 05:48:22,4428,5
860,240,519,274,201,273,2020-09-25 05:55:09,31292,5
861,186,490,740,531,877,2018-03-19 03:59:02,10277,5
862,268,546,393,218,850,2017-03-15 01:18:11,34801,5
863,59,304,306,600,740,2020-04-23 05:53:32,53152,5
864,411,678,118,201,379,2020-11-14 20:42:50,52772,5
865,461,126,876,296,667,2019-02-12 07:28:33,15672,5
866,543,939,377,215,505,2020-04-27 12:20:32,25717,5
867,961,862,859,194,662,2020-07-01 00:48:14,60442,5
868,275,128,75,707,251,2017-08-04 18:46:08,2438,5
869,570,12,704,86,526,2020-07-17 11:40:54,47607,5
870,39,761,653,912,781,2017-02-05 05:45:07,57086,5
871,923,760,809,1068,399,2017-11-17 08:36:02,73869,5
872,758,98,140,1072,755,2019-09-04 16:12:53,52444,5
873,136,369,894,256,975,2018-01-09 02:08:01,43960,5
874,728,519,200,1103,38,2020-10-26 23:30:06,2488,5
875,218,171,735,358,687,2016-07-10 14:36:51,98837,5
876,19,963,599,420,119,2017-09-05 16:06:00,58993,5
877,763,350,969,748,121,2015-10-29 16:12:45,99384,5
878,833,282,86,216,583,2018-12-11 15:32:15,35346,5
879,481,20,562,771,508,2019-03-13 10:43:54,66977,5
880,401,918,207,123,53,2017-04-14 05:19:20,15952,5
881,20,351,578,797,612,2019-05-18 06:37:36,81175,5
882,946,880,779,977,408,2016-01-07 21:46:55,47784,5
883,286,17,574,1108,470,2016-05-25 15:53:48,59698,5
884,868,494,199,779,28,2019-12-05 21:29:03,7775,5
885,710,143,752,1081,88,2020-10-01 04:24:46,16623,5
886,515,135,32,45,512,2016-08-22 18:02:33,63940,5
887,40,132,922,105,728,2017-03-23 12:16:59,12976,5
888,872,844,818,52,527,2020-01-05 12:41:10,32607,5
889,263,990,871,498,241,2018-02-26 19:33:35,77099,5
890,671,466,904,1013,914,2020-06-30 18:16:28,71743,5
891,418,304,912,136,962,2015-06-19 20:52:01,65786,5
892,799,617,647,274,890,2020-11-14 12:03:44,55091,5
893,767,81,754,658,157,2020-01-21 08:43:56,41710,5
894,14,739,592,293,1000,2017-09-13 09:18:26,58325,5
895,215,536,33,937,420,2016-10-17 10:59:20,86263,5
896,79,503,834,562,91,2020-03-02 14:34:11,22196,5
897,763,698,136,994,515,2017-04-18 01:31:12,58900,5
898,794,267,616,131,116,2018-12-14 16:05:11,57120,5
899,304,939,95,442,987,2021-01-28 22:22:21,19050,5
900,235,16,809,941,881,2017-01-04 22:38:03,60087,5
901,794,727,11,267,801,2019-03-04 22:21:41,74961,5
902,961,228,733,236,707,2015-11-28 22:35:06,56315,5
903,718,297,679,647,801,2019-11-06 18:55:25,73055,5
904,60,219,534,111,917,2016-09-03 04:43:27,31348,5
905,142,658,220,683,767,2016-11-20 03:43:13,73303,5
906,979,954,954,802,719,2019-01-11 20:27:34,53855,5
907,256,156,872,544,976,2019-09-18 08:01:26,18062,5
908,902,181,779,371,658,2020-08-11 03:50:43,35991,5
909,690,61,157,671,308,2021-07-21 02:36:59,2075,5
910,517,75,643,367,241,2016-08-24 13:00:58,96835,5
911,563,509,669,13,258,2015-05-11 22:30:29,65693,5
912,195,527,162,324,916,2016-08-18 04:52:07,74806,5
913,405,942,498,123,603,2020-02-16 04:46:19,76748,5
914,196,217,120,676,714,2020-03-17 02:27:28,84938,5
915,188,944,169,1117,976,2020-04-27 14:36:31,23853,5
916,251,133,197,757,650,2020-01-04 04:17:21,26774,5
917,534,475,667,449,867,2015-04-16 01:24:46,95556,5
918,667,210,738,170,900,2015-05-25 17:35:53,50297,5
919,88,412,460,643,315,2018-01-25 13:06:48,36602,5
920,560,918,350,30,852,2020-07-06 01:48:16,57879,5
921,413,757,896,1024,167,2015-06-18 22:00:08,46762,5
922,971,685,278,136,49,2020-06-17 04:46:13,31660,5
923,581,890,646,1143,551,2015-06-19 04:22:52,8534,5
924,674,585,282,367,807,2015-04-11 17:26:47,16337,5
925,649,998,283,331,474,2017-08-08 11:58:19,55905,5
926,931,69,650,246,691,2017-12-31 17:04:28,21327,5
927,932,696,155,1196,28,2017-12-09 00:39:41,6693,5
928,131,113,485,554,257,2015-08-08 03:18:30,43932,5
929,867,140,127,750,869,2016-12-15 12:26:12,37804,5
930,384,747,242,44,348,2017-09-15 09:26:08,51785,5
931,392,732,32,987,67,2019-07-10 22:26:07,13912,5
932,266,149,833,311,853,2021-09-06 11:46:27,80609,5
933,781,212,951,915,13,2016-05-08 19:28:18,84650,5
934,509,123,832,1205,725,2018-07-08 10:48:57,58168,5
935,791,969,719,797,844,2020-03-26 11:30:43,74203,5
936,862,681,700,131,466,2018-10-06 19:41:02,43173,5
937,222,21,431,727,176,2017-08-28 15:46:23,13315,5
938,324,16,946,1066,59,2020-01-26 17:18:54,43872,5
939,266,822,611,389,329,2016-04-01 03:20:52,70283,5
940,973,281,861,752,767,2018-12-12 02:25:04,17587,5
941,581,127,166,216,90,2018-09-20 15:29:09,18617,5
942,143,166,409,660,610,2017-08-22 03:50:44,66484,5
943,71,21,526,6,526,2017-05-24 18:26:29,8816,5
944,399,323,577,635,680,2019-10-07 18:27:25,77753,5
945,929,181,857,1135,579,2020-12-16 03:26:15,54859,5
946,323,538,332,653,795,2018-09-11 10:48:37,50682,5
947,574,740,217,481,117,2019-10-03 20:04:00,27237,5
948,634,455,746,633,216,2016-11-09 05:30:14,24288,5
949,689,755,183,281,782,2019-08-15 02:44:53,2276,5
950,7,852,357,1153,873,2020-04-16 08:01:58,73180,5
951,611,476,981,1159,750,2020-01-30 06:24:25,4911,5
952,831,480,937,996,828,2020-04-21 13:36:25,50892,5
953,862,326,940,11,365,2017-04-01 22:37:17,61853,5
954,326,927,632,265,534,2015-12-11 12:37:56,10547,5
955,960,258,393,362,974,2016-12-26 10:05:00,38244,5
956,955,122,486,197,436,2021-08-29 05:19:15,53723,5
957,653,127,60,452,969,2019-03-11 23:43:58,13340,5
958,893,285,872,686,838,2020-04-06 04:46:04,46297,5
959,625,228,256,533,174,2019-10-23 20:49:33,94349,5
960,861,669,820,455,266,2019-11-12 19:45:41,88869,5
961,710,12,208,122,464,2017-12-08 16:56:12,12834,5
962,827,334,895,77,442,2021-02-27 18:15:40,84781,5
963,489,808,751,1079,722,2020-02-08 12:47:12,70104,5
964,231,561,385,785,474,2021-01-18 16:41:48,57872,5
965,271,753,683,766,32,2017-09-07 11:43:59,84007,5
966,966,572,600,997,336,2019-03-29 01:28:31,69493,5
967,995,395,356,694,354,2017-07-01 21:10:06,54756,5
968,507,985,57,381,325,2020-01-28 13:40:04,17743,5
969,608,827,723,655,53,2019-07-27 22:04:31,55843,5
970,627,248,658,406,216,2018-02-20 16:51:20,10688,5
971,529,222,167,540,358,2017-12-30 15:54:15,26549,5
972,861,702,41,1197,889,2020-04-11 22:20:22,97997,5
973,196,21,590,497,837,2020-08-05 22:13:19,17559,5
974,28,239,432,985,5,2018-01-31 09:30:22,48082,5
975,658,765,509,809,507,2016-02-28 17:08:53,61075,5
976,973,24,324,393,730,2019-04-20 08:17:58,8069,5
977,139,137,272,965,266,2015-03-10 20:38:09,37781,5
978,142,945,669,294,660,2017-09-08 09:39:26,66365,5
979,212,489,645,634,562,2016-03-02 13:52:14,85610,5
980,152,141,739,1008,695,2016-06-23 23:26:29,34238,5
981,915,464,504,845,172,2019-04-19 19:44:37,49676,5
982,270,876,748,177,383,2017-07-29 23:07:36,18537,5
983,214,518,174,376,309,2015-06-01 11:48:46,54228,5
984,39,10,712,556,829,2017-03-07 08:50:20,83293,5
985,493,59,11,358,855,2020-12-31 04:37:34,15428,5
986,807,716,965,128,874,2018-10-14 12:46:28,37180,5
987,129,405,778,931,393,2021-01-26 16:42:52,36272,5
988,222,273,41,543,875,2015-12-21 09:02:27,26059,5
989,460,244,296,812,952,2017-11-29 07:07:52,54404,5
990,74,196,386,416,412,2017-02-16 20:36:31,6467,5
991,738,373,110,91,582,2019-05-12 03:44:07,19596,5
992,283,499,136,309,201,2015-10-04 19:33:04,12792,5
993,564,704,72,464,21,2018-09-13 12:45:01,52818,5
994,295,122,143,679,461,2018-04-08 14:44:53,81192,5
995,774,558,586,360,272,2021-01-08 02:01:18,84596,5
996,162,331,150,899,147,2020-06-05 11:26:26,18692,5
997,447,126,717,1144,765,2017-12-21 05:34:22,74837,5
998,759,650,75,207,215,2015-01-05 14:24:02,81936,5
999,90,825,593,1171,312,2018-04-23 02:17:10,57316,5
1000,242,5,823,711,569,2019-08-19 22:29:30,91289,5
